name,model,accuracy,precision,recall,f1,kappa,f1_ci_lo,f1_ci_hi,kappa_ci_lo,kappa_ci_hi
claude-sonnet-4-6_few_shot,claude-sonnet-4-6,0.7380952380952381,0.5,0.18181818181818182,0.26666666666666666,0.14760147601476015,0.0,0.5714285714285714,-0.12903225806451601,0.4843003851091141
gemini-2.5-flash_zero_shot,gemini-2.5-flash,0.7142857142857143,0.46153846153846156,0.5454545454545454,0.5,0.30193905817174516,0.19047619047619047,0.7099354838709675,-0.04627498586490189,0.6016260162601627
