,median,mean,max
AG2,4.0,5.206030150753769,28.0
AppWorld,79.0,113.6,523.0
ChatDev,65.0,67.17692307692307,104.0
HyperAgent,55.0,111.10714285714286,536.0
Magentic,19.0,24.887179487179488,44.0
MetaGPT,6.0,5.973913043478261,6.0
OpenManus,56.0,58.166666666666664,99.0
